41201,佐賀県佐賀市,1,勧興公民館,佐賀県佐賀市成章町3-18,1,,,1,,,1,,1,33.255722,130.29764,
41201,佐賀県佐賀市,2,勧興小学校,佐賀県佐賀市成章町3-16,1,,,1,,,1,,1,33.256635,130.296936,
41201,佐賀県佐賀市,3,成章中学校,佐賀県佐賀市成章町7-1,1,,1,1,,,1,,1,33.256517,130.294782,
41201,佐賀県佐賀市,4,循誘公民館,佐賀県佐賀市東佐賀町12-2,1,,,1,1,,1,,1,33.255042,130.310717,
41201,佐賀県佐賀市,5,循誘小学校,佐賀県佐賀市高木町15-30,1,,,1,1,,1,,1,33.256817,130.308053,
41201,佐賀県佐賀市,6,日新公民館,佐賀県佐賀市長瀬町1-20,1,,1,1,,,1,,1,33.249385,130.284568,
41201,佐賀県佐賀市,7,日新小学校,佐賀県佐賀市長瀬9-15,1,,1,1,,,1,,1,33.251556,130.282705,
41201,佐賀県佐賀市,8,昭栄中学校,佐賀県佐賀市昭栄町1-7,1,,1,1,1,,1,,1,33.248822,130.28006,
41201,佐賀県佐賀市,9,赤松公民館,佐賀県佐賀市中の館町4-10,1,,1,1,,,1,,1,33.242099,130.304162,
41201,佐賀県佐賀市,10,赤松小学校,佐賀県佐賀市中の館町1-39,1,,1,1,,,1,,1,33.242874,130.302501,
41201,佐賀県佐賀市,11,佐賀西高等学校,佐賀県佐賀市城内1-4-25,1,,1,1,,,1,,1,33.247132,130.298273,
41201,佐賀県佐賀市,12,神野公民館,佐賀県佐賀市神野西1-4-10,1,,,1,,,1,,1,33.263317,130.28967,
41201,佐賀県佐賀市,13,神野小学校,佐賀県佐賀市神野西2-4-8,1,,,1,,,1,,1,33.264846,130.291511,
41201,佐賀県佐賀市,14,佐賀商業高等学校,佐賀県佐賀市神野東4-12-40,1,,,1,,,1,,1,33.271131,130.296652,
41201,佐賀県佐賀市,15,西与賀公民館,佐賀県佐賀市西与賀町厘外1405,1,,1,1,1,,1,,1,33.230116,130.274353,
41201,佐賀県佐賀市,16,西与賀小学校,佐賀県佐賀市西与賀町厘外1437,1,,1,1,1,,1,,1,33.229337,130.273684,
41201,佐賀県佐賀市,17,嘉瀬公民館,佐賀県佐賀市嘉瀬町中原1690,1,,1,1,,,1,,1,33.241027,130.258947,
41201,佐賀県佐賀市,18,嘉瀬小学校,佐賀県佐賀市嘉瀬町十五12-1,1,,1,1,,,1,,1,33.240969,130.257802,
41201,佐賀県佐賀市,19,巨勢公民館,佐賀県佐賀市巨勢町高尾104-17,1,,1,1,1,,1,,1,33.254656,130.329158,
41201,佐賀県佐賀市,20,巨勢小学校,佐賀県佐賀市巨勢町高尾108,1,,1,1,1,,1,,1,33.256733,130.327904,
41201,佐賀県佐賀市,21,城東中学校,佐賀県佐賀市巨勢町牛島242,1,,1,1,1,,1,,1,33.258121,130.31665,
41201,佐賀県佐賀市,22,兵庫公民館,佐賀県佐賀市兵庫町渕1295,1,,,1,,,1,,1,33.273266,130.323897,
41201,佐賀県佐賀市,23,兵庫小学校,佐賀県佐賀市兵庫町渕1295,1,,,1,,,1,,1,33.273384,130.322461,
41201,佐賀県佐賀市,24,致遠館高等学校,佐賀県佐賀市兵庫北4-1-1,1,,,1,,,1,,1,33.273461,130.301999,
41201,佐賀県佐賀市,25,高木瀬公民館,佐賀県佐賀市高木瀬東5-1-12,1,,,1,,,1,,1,33.286501,130.290074,
41201,佐賀県佐賀市,26,高木瀬小学校,佐賀県佐賀市高木瀬東5-6-12,1,,,1,,,1,,1,33.286037,130.292436,
41201,佐賀県佐賀市,27,佐賀市文化会館,佐賀県佐賀市日の出1-21-10,1,,,1,,,1,,1,33.277206,130.294981,
41201,佐賀県佐賀市,28,北川副公民館,佐賀県佐賀市木原3-12-8,1,,1,1,1,,1,,1,33.239308,130.323339,
41201,佐賀県佐賀市,29,北川副小学校,佐賀県佐賀市木原3-12-1,1,,1,1,1,,1,,1,33.241181,130.323188,
41201,佐賀県佐賀市,30,城南中学校,佐賀県佐賀市南佐賀1-20-1,1,,1,1,1,,1,,1,33.238603,130.315549,
41201,佐賀県佐賀市,31,佐賀東高等学校,佐賀県佐賀市南佐賀3-11-15,1,,1,1,1,,1,,1,33.236002,130.320543,
41201,佐賀県佐賀市,32,本庄公民館,佐賀県佐賀市本庄町本庄279-8,1,,1,1,1,,1,,1,33.233193,130.292909,
41201,佐賀県佐賀市,33,本庄小学校,佐賀県佐賀市本庄町本庄131-1,1,,1,1,1,,1,,1,33.234887,130.294303,
41201,佐賀県佐賀市,34,城西中学校,佐賀県佐賀市本庄町本庄1021-1,1,,1,1,1,,1,,1,33.23583,130.285486,
41201,佐賀県佐賀市,35,鍋島公民館,佐賀県佐賀市鍋島1-1-1,1,,,1,,,1,,1,33.274968,130.26994,
41201,佐賀県佐賀市,36,鍋島小学校,佐賀県佐賀市鍋島1-1-2,1,,,1,,,1,,1,33.274353,130.270223,
41201,佐賀県佐賀市,37,鍋島中学校,佐賀県佐賀市鍋島1-19-1,1,,,1,,,1,,1,33.276492,130.26426,
41201,佐賀県佐賀市,38,金立公民館,佐賀県佐賀市金立町千布2333-2,1,1,,1,,,1,,1,33.307206,130.303127,
41201,佐賀県佐賀市,39,金立小学校,佐賀県佐賀市金立町千布2144-1,1,1,,1,,,1,,1,33.309343,130.30276,
41201,佐賀県佐賀市,40,佐賀導水操作室,佐賀県佐賀市金立町千布　巨勢川調整池内,1,1,,1,,,1,,1,33.294381,130.30609,
41201,佐賀県佐賀市,41,久保泉公民館,佐賀県佐賀市久保泉町川久保1363-1,1,1,,,,,1,,1,33.319294,130.324934,
41201,佐賀県佐賀市,42,久保泉小学校,佐賀県佐賀市久保泉町川久保1357-1,1,1,,1,,,1,,1,33.320492,130.325253,
41201,佐賀県佐賀市,43,金泉中学校,佐賀県佐賀市久保泉町上和泉2361-1,1,1,,1,,,1,,1,33.308287,130.314599,
41201,佐賀県佐賀市,44,蓮池公民館,佐賀県佐賀市蓮池町蓮池6-49,,,1,1,1,,,,1,33.245748,130.360071,
41201,佐賀県佐賀市,45,小中一貫校芙蓉校,佐賀県佐賀市蓮池町小松1000,1,,1,1,1,,1,,1,33.250281,130.364793,
41201,佐賀県佐賀市,46,新栄公民館,佐賀県佐賀市鍋島町八戸1285-3,1,,1,1,1,,1,,1,33.2539100802345,130.271915063583,
41201,佐賀県佐賀市,47,新栄小学校,佐賀県佐賀市新栄東2-6-34,1,,1,1,1,,1,,1,33.255766,130.275151,
41201,佐賀県佐賀市,48,佐賀北高等学校,佐賀県佐賀市天祐2-6-1,1,,1,1,1,,1,,1,33.257885,130.278922,
41201,佐賀県佐賀市,49,佐賀工業高等学校,佐賀県佐賀市緑小路1-1,1,,1,1,,,1,,1,33.257782,130.285333,
41201,佐賀県佐賀市,50,佐賀少年刑務所,佐賀県佐賀市新生町2-1,1,,1,1,1,,1,,1,33.2522649571681,130.278715008659,
41201,佐賀県佐賀市,51,若楠公民館,佐賀県佐賀市若楠2-13-1,1,,,1,,,1,,1,33.2770812941942,130.286392002956,
41201,佐賀県佐賀市,52,若楠小学校,佐賀県佐賀市若宮3-2-1,1,,,1,,,1,,1,33.275807,130.286623,
41201,佐賀県佐賀市,53,城北中学校,佐賀県佐賀市高木瀬西3-1-50,1,,,1,,,1,,1,33.282398,130.285127,
41201,佐賀県佐賀市,54,開成公民館,佐賀県佐賀市鍋島町森田27-4,1,,,1,1,,1,,1,33.268152,130.270522,
41201,佐賀県佐賀市,55,開成小学校,佐賀県佐賀市鍋島町森田35-1,1,,,1,1,,1,,1,33.269515,130.269768,
41201,佐賀県佐賀市,56,諸富北小学校,佐賀県佐賀市諸富町大堂990,1,,1,1,1,,1,,1,33.234604,130.356186,
41201,佐賀県佐賀市,57,諸富中学校,佐賀県佐賀市諸富町徳富2058-3,1,,1,1,1,,1,,1,33.224164,130.355357,
41201,佐賀県佐賀市,58,諸富文化体育館,佐賀県佐賀市諸富町諸富津52,1,,1,1,1,,1,,1,33.221608,130.354552,
41201,佐賀県佐賀市,59,諸富町公民館,佐賀県佐賀市諸富町諸富津7,1,,1,1,1,,1,,1,33.22446894,130.3525014,
41201,佐賀県佐賀市,60,諸富南小学校,佐賀県佐賀市諸富町為重920-1,1,,1,1,1,,1,,1,33.219059,130.34535,
41201,佐賀県佐賀市,61,佐賀市産業振興会館,佐賀県佐賀市諸富町為重529-5,1,,1,1,1,,1,,1,33.221771,130.353755,
41201,佐賀県佐賀市,62,春日公民館,佐賀県佐賀市大和町尼寺1875,,1,,1,,,,,1,33.311136,130.277439,
41201,佐賀県佐賀市,63,春日小学校,佐賀県佐賀市大和町尼寺1439,1,1,,1,,,1,,1,33.312175,130.282964,
41201,佐賀県佐賀市,64,高志館高等学校,佐賀県佐賀市大和町尼寺1698,1,1,,1,,,1,,1,33.314241,130.277566,
41201,佐賀県佐賀市,65,さが水ものがたり館,佐賀県佐賀市大和町尼寺　石井樋公園内,1,1,,1,,,1,,1,33.303043,130.274303,
41201,佐賀県佐賀市,66,春日北公民館,佐賀県佐賀市大和町久池井1756-1,1,1,,1,,,1,,1,33.320512,130.286857,
41201,佐賀県佐賀市,67,春日北小学校,佐賀県佐賀市大和町久池井1777-1,1,1,,1,,,1,,1,33.320448,130.285857,
41201,佐賀県佐賀市,68,川上公民館,佐賀県佐賀市大和町川上2480-2,1,1,,1,,,1,,1,33.310362,130.258462,
41201,佐賀県佐賀市,69,川上小学校,佐賀県佐賀市大和町東山田1807-1,1,1,,1,,,1,,1,33.305383,130.254431,
41201,佐賀県佐賀市,70,大和中学校,佐賀県佐賀市大和町東山田3554-1,,1,,1,,,,,1,33.310499,130.267768,
41201,佐賀県佐賀市,71,大和勤労者体育センター,佐賀県佐賀市大和町川上3294,1,1,,1,,,1,,1,33.310235,130.257518,
41201,佐賀県佐賀市,72,松梅公民館,佐賀県佐賀市大和町松瀬2530-1,1,1,,1,,,1,,1,33.3651415653572,130.256281346142,
41201,佐賀県佐賀市,73,小中一貫校松梅校,佐賀県佐賀市大和町松瀬2090-1,1,1,,1,,,1,,1,33.366251,130.26125,
41201,佐賀県佐賀市,74,富士北部コミュニティセンター,佐賀県佐賀市富士町中原488-1,1,1,,1,,,1,,1,33.432436,130.202678,
41201,佐賀県佐賀市,75,小中一貫校北山校,佐賀県佐賀市富士町中原342-2,1,1,,1,,,1,,1,33.431042,130.201334,
41201,佐賀県佐賀市,76,北山東部小学校,佐賀県佐賀市富士町古場1514-2,1,1,,1,,,1,,1,33.440771,130.24952,
41201,佐賀県佐賀市,77,富士公民館,佐賀県佐賀市富士町古湯2624,1,1,,1,,,1,,1,33.373856,130.206078,
41201,佐賀県佐賀市,78,富士南部コミュニティセンター,佐賀県佐賀市富士町内野40-2,1,1,,1,,,1,,1,33.360226,130.250723,
41201,佐賀県佐賀市,79,小中一貫校富士校小学部,佐賀県佐賀市富士町小副川1339-3,1,1,,1,,,1,,1,33.364943131025,130.235781946453,
41201,佐賀県佐賀市,80,小中一貫校富士校中学部,佐賀県佐賀市富士町古湯898,1,1,,1,,,1,,1,33.375208,130.208134,
41201,佐賀県佐賀市,81,三瀬公民館,佐賀県佐賀市三瀬村三瀬2762-2,1,,,1,,,1,,1,33.431801,130.278858,
41201,佐賀県佐賀市,82,三瀬保健センター,佐賀県佐賀市三瀬村藤原3882-6,1,1,,1,,,1,,1,33.42101,130.275993,
41201,佐賀県佐賀市,83,小中一貫校三瀬校,佐賀県佐賀市三瀬村三瀬2789,1,,,1,,,1,,1,33.433112,130.276422,
41201,佐賀県佐賀市,84,三瀬勤労福祉センター,佐賀県佐賀市三瀬村三瀬2700-1,1,1,,1,,,1,,1,33.432463,130.279836,
41201,佐賀県佐賀市,85,南川副公民館,佐賀県佐賀市川副町鹿江422-1,1,,1,1,,,1,,1,33.192357,130.321309,
41201,佐賀県佐賀市,86,川副保健センター,佐賀県佐賀市川副町鹿江442,1,,1,1,,,1,,1,33.192764,130.321025,
41201,佐賀県佐賀市,87,南川副小学校,佐賀県佐賀市川副町鹿江674,1,,1,1,,,1,,1,33.190165,130.318873,
41201,佐賀県佐賀市,88,川副中学校,佐賀県佐賀市川副町鹿江710,1,,1,1,,,1,,1,33.195044,130.318515,
41201,佐賀県佐賀市,89,スポーツパーク川副武道館,佐賀県佐賀市川副町鹿江700,1,,1,1,,,1,,1,33.192157,130.31845,
41201,佐賀県佐賀市,90,スポーツパーク川副体育センター,佐賀県佐賀市川副町鹿江700,1,,1,,,,1,,1,33.192705,130.318299,
41201,佐賀県佐賀市,91,川副児童館,佐賀県佐賀市川副町鹿江442,1,,1,1,,,1,,1,33.192787,130.321373,
41201,佐賀県佐賀市,92,西川副公民館,佐賀県佐賀市川副町西古賀260-1,1,,1,,,,1,,1,33.210702,130.312013,
41201,佐賀県佐賀市,93,西川副小学校,佐賀県佐賀市川副町西古賀979,1,,1,1,,,1,,1,33.207425,130.31161,
41201,佐賀県佐賀市,94,中川副公民館,佐賀県佐賀市川副町早津江津398-2,1,,1,,,,1,,1,33.207572,130.337903,
41201,佐賀県佐賀市,95,中川副小学校,佐賀県佐賀市川副町福富1316,1,,1,1,,,1,,1,33.209933,130.333407,
41201,佐賀県佐賀市,96,大詫間公民館,佐賀県佐賀市川副町大詫間560-1,1,,1,1,,,1,,1,33.178659,130.343081,
41201,佐賀県佐賀市,97,大詫間小学校,佐賀県佐賀市川副町大詫間496,1,,,1,,,1,,1,33.179482,130.343092,
41201,佐賀県佐賀市,98,東与賀保健福祉センター,佐賀県佐賀市東与賀町下古賀1193,1,,1,1,1,,1,,1,33.208108,130.289039,
41201,佐賀県佐賀市,99,東与賀小学校,佐賀県佐賀市東与賀町田中453,1,,1,1,1,,1,,1,33.208844,130.286324,
41201,佐賀県佐賀市,100,東与賀中学校,佐賀県佐賀市東与賀町下古賀1127-1,1,,1,1,1,,1,,1,33.209855,130.289202,
41201,佐賀県佐賀市,101,東与賀農村環境改善センター,佐賀県佐賀市東与賀町田中425,1,,1,1,1,,1,,1,33.20965,130.285765,
41201,佐賀県佐賀市,102,東与賀文化ホール,佐賀県佐賀市東与賀町下古賀1228-3,1,,1,1,1,,1,,1,33.207974,130.287727,
41201,佐賀県佐賀市,103,久保田保健センター,佐賀県佐賀市久保田町新田3323,1,,1,1,1,,1,,1,33.232716,130.236716,
41201,佐賀県佐賀市,104,小中一貫校思斉館(小学校),佐賀県佐賀市久保田町新田1207,1,,1,1,1,,1,,1,33.23393781,130.2381577,
41201,佐賀県佐賀市,105,小中一貫校思斉館(中学校),佐賀県佐賀市久保田町新田1217,1,,1,1,1,,1,,1,33.23415676,130.2370488,
41201,佐賀県佐賀市,106,久保田農村環境改善センター,佐賀県佐賀市久保田町新田3323-3,1,,1,1,1,,1,,1,33.232569,130.237428,
41201,佐賀県佐賀市,107,久保田老人福祉センター,佐賀県佐賀市久保田町新田3323,1,,1,1,1,,1,,1,33.232483,130.236775,
41201,佐賀県佐賀市,108,久保田農村高齢者交流施設,佐賀県佐賀市久保田町新田3323,1,,1,,1,,1,,1,33.232881,130.236706,
41201,佐賀県佐賀市,109,王子マテリア体育館,佐賀県佐賀市久保田町久保田1,1,,1,,1,,1,,1,33.254301,130.228269,
41201,佐賀県佐賀市,110,"佐賀市健康運動センター サッカー・ラグビー場",佐賀県佐賀市高木瀬町長瀬2553,1,1,,1,1,,1,,,33.296459,130.295267,
41203,佐賀県鳥栖市,1,鳥栖小学校,佐賀県鳥栖市元町1162,1,,,1,,1,,,1,33.368064,130.510091,
41203,佐賀県鳥栖市,2,鳥栖北小学校,佐賀県鳥栖市本町3-1468-1,1,,,1,,1,,,1,33.378539,130.510296,
41203,佐賀県鳥栖市,3,鳥栖中学校,佐賀県鳥栖市本町2-104-1,1,,,1,,1,,,1,33.375425,130.511216,
41203,佐賀県鳥栖市,4,田代小学校,佐賀県鳥栖市田代上町301-1,1,1,,1,,1,,,1,33.391106,130.52116,
41203,佐賀県鳥栖市,5,田代中学校,佐賀県鳥栖市田代外町651-1,1,1,,1,,1,,,1,33.386446,130.517093,
41203,佐賀県鳥栖市,6,弥生が丘小学校,佐賀県鳥栖市弥生が丘4-329,1,1,,1,,1,,,1,33.407072,130.516649,
41203,佐賀県鳥栖市,7,若葉小学校,佐賀県鳥栖市古賀町480-2,1,1,,1,,1,,,1,33.384386,130.502022,
41203,佐賀県鳥栖市,8,基里小学校,佐賀県鳥栖市曽根崎町1521-1,1,1,,1,,1,,,1,33.377527,130.528032,
41203,佐賀県鳥栖市,9,基里中学校,佐賀県鳥栖市原町672-1,1,1,,1,,1,,,1,33.378289,130.534299,
41203,佐賀県鳥栖市,10,麓小学校,佐賀県鳥栖市山浦町2253-1,1,1,,1,,1,,,1,33.375599,130.48238,
41203,佐賀県鳥栖市,11,鳥栖西中学校,佐賀県鳥栖市蔵上町77-1,1,1,,1,,1,,,1,33.36807,130.495084,
41203,佐賀県鳥栖市,12,旭小学校,佐賀県鳥栖市村田町109-1,1,1,,1,,1,,,1,33.350754,130.488518,
41204,佐賀県多久市,1,中央公園,佐賀県多久市北多久町大字小侍286-24,1,1,,1,,1,1,,,33.293006229235,130.09997202287,
41204,佐賀県多久市,2,北部公園,佐賀県多久市北多久町大字小侍48,1,1,,1,,1,1,,,33.285819081367,130.11033215699,
41204,佐賀県多久市,3,みどりが丘公園,佐賀県多久市多久町7071-341,1,1,,1,,1,1,,,33.28251848366,130.08991848178,
41204,佐賀県多久市,4,東部校運動場,佐賀県多久市東多久町大字別府3182,1,1,,1,,1,1,,,33.283749474423,130.15054892046,
41204,佐賀県多久市,5,中央校運動場,佐賀県多久市南多久町大字下多久2286-13,1,1,,1,,1,1,,,33.281679929194,130.11602916894,
41204,佐賀県多久市,6,多久北部運動広場,佐賀県多久市北多久町大字小侍45-3,1,1,,1,,1,1,,,33.286727126365,130.10786296785,
41204,佐賀県多久市,7,東部ふれあい運動広場,佐賀県多久市東多久町大字別府5232-1,1,1,,1,,1,1,,,33.286114311775,130.14208877662,
41204,佐賀県多久市,8,緑が丘運動広場,佐賀県多久市北多久町大字小侍1100-1,1,1,,1,,1,1,,,33.291031539993,130.09604735843,
41204,佐賀県多久市,9,西渓校西運動場,佐賀県多久市多久町1789-4,1,1,,1,,1,1,,,33.260303297791,130.0899895493,
41204,佐賀県多久市,10,西多久多目的運動広場,佐賀県多久市西多久町大字板屋7775-3,1,1,,1,,1,1,,,33.262852724511,130.05824649292,
41204,佐賀県多久市,11,緑が丘社会体育館,佐賀県多久市北多久町大字小侍1100-1,1,1,,1,,1,1,,1,33.292403658,130.09612782469,
41204,佐賀県多久市,12,多久市児童センター,"佐賀県多久市北多久町 大字小侍40-2",1,1,,1,,1,1,,1,33.28738108016375,130.10754681305244,
41204,佐賀県多久市,13,北多久社会体育館,佐賀県多久市北多久町大字多久原7025-2,1,1,,1,,1,1,,1,33.287184191768,130.1065188569,
41204,佐賀県多久市,14,中央校前期体育館,佐賀県多久市南多久町大字下多久2286-13,1,1,,1,,1,1,,1,33.282137373806,130.11813268899,
41205,佐賀県伊万里市,1,伊万里公民館,佐賀県伊万里市松島町350-4,1,1,1,1,1,1,1,1,1,33.278087,129.876193,
41205,佐賀県伊万里市,2,伊万里小学校グラウンド,佐賀県伊万里市脇田町1419-1,1,1,1,1,1,1,1,1,,33.282324,129.878899,
41205,佐賀県伊万里市,3,啓成中学校グラウンド,佐賀県伊万里市木須町131,1,1,1,1,1,1,1,1,,33.2848,129.874877,
41205,佐賀県伊万里市,4,市民センターお祭り広場,佐賀県伊万里市松島町391-1,1,1,1,1,1,1,1,1,,33.278657,129.876932,
41205,佐賀県伊万里市,5,牧島公民館,佐賀県伊万里市木須町5832-2,1,1,1,1,1,1,1,1,1,33.295962,129.855541,
41205,佐賀県伊万里市,6,牧島小学校グラウンド,佐賀県伊万里市瀬戸町216-1,1,1,1,1,1,1,1,1,,33.300292,129.857877,
41205,佐賀県伊万里市,7,大坪公民館,佐賀県伊万里市大坪町甲2863-1,1,1,1,1,1,1,1,1,1,33.274791,129.886718,
41205,佐賀県伊万里市,8,大坪小学校グラウンド,佐賀県伊万里市大坪町甲2501-3,1,1,1,1,1,1,1,1,,33.276554,129.887939,
41205,佐賀県伊万里市,9,伊万里中学校グラウンド,佐賀県伊万里市立花町4063-1,1,1,1,1,1,1,1,1,,33.275533,129.884569,
41205,佐賀県伊万里市,10,国見台公園,佐賀県伊万里市二里町大里甲2153-1,1,1,1,1,1,1,1,1,,33.267272,129.869903,
41205,佐賀県伊万里市,11,立花公民館,佐賀県伊万里市立花町1891-79,1,1,1,1,1,1,1,1,1,33.258467,129.883103,
41205,佐賀県伊万里市,12,立花小学校グラウンド,佐賀県伊万里市立花町1901-1,1,1,1,1,1,1,1,1,,33.259497,129.883592,
41205,佐賀県伊万里市,13,大川内公民館,佐賀県伊万里市大川内町丙2410-1,1,1,1,1,1,1,1,1,1,33.259709,129.895072,
41205,佐賀県伊万里市,14,大川内小学校グラウンド,佐賀県伊万里市大川内町甲3280-1,1,1,1,1,1,1,1,1,,33.257979,129.901747,
41205,佐賀県伊万里市,15,黒川公民館,佐賀県伊万里市黒川町塩屋504-1,1,1,1,1,1,1,1,1,1,33.33141,129.853341,
41205,佐賀県伊万里市,16,東黒川運動広場,佐賀県伊万里市黒川町畑川内2053-4,1,1,1,1,1,1,1,1,,33.338531,129.901397,
41205,佐賀県伊万里市,17,青嶺中学校グラウンド,佐賀県伊万里市黒川町福田66,1,1,1,1,1,1,1,1,,33.35283,129.855092,
41205,佐賀県伊万里市,18,波多津町コミュニティセンター,佐賀県伊万里市波多津町辻2989-5,1,1,1,1,1,1,1,1,1,33.372202806621,129.87198715065,
41205,佐賀県伊万里市,19,波多津小学校駐車場,佐賀県伊万里市波多津町筒井11,1,1,1,1,1,1,1,1,,33.379685,129.891881,
41205,佐賀県伊万里市,20,南波多公民館,佐賀県伊万里市南波多町井手野2685-1,1,1,1,1,1,1,1,1,1,33.312558,129.930794,
41205,佐賀県伊万里市,21,南波多郷学館グラウンド,佐賀県伊万里市南波多町井手野3100,1,1,1,1,1,1,1,1,,33.318376483392,129.92596835515,
41205,佐賀県伊万里市,22,旧南波多中学校グラウンド,佐賀県伊万里市南波多町井手野2900,1,1,1,1,1,1,1,1,,33.318107522463,129.92783517263,
41205,佐賀県伊万里市,23,大川町コミュニティセンター,佐賀県伊万里市大川町大川野3340-1,1,1,1,1,1,1,1,1,1,33.304961,129.972726,
41205,佐賀県伊万里市,24,大川小学校グラウンド,佐賀県伊万里市大川町大川野2050-1,1,1,1,1,1,1,1,1,,33.302718,129.971187,
41205,佐賀県伊万里市,25,東陵中学校グラウンド,佐賀県伊万里市松浦町提川200,1,1,1,1,1,1,1,1,,33.285051,129.964666,
41205,佐賀県伊万里市,26,大川運動広場,佐賀県伊万里市大川町大川野3340-1,1,1,1,1,1,1,1,1,,33.304372,129.972966,
41205,佐賀県伊万里市,27,松浦公民館,佐賀県伊万里市松浦町山形5490-2,1,1,1,1,1,1,1,1,1,33.267684,129.943217,
41205,佐賀県伊万里市,28,松浦小学校グラウンド,佐賀県伊万里市松浦町桃川4430-2,1,1,1,1,1,1,1,1,,33.268185,129.947768,
41205,佐賀県伊万里市,29,松浦運動広場,佐賀県伊万里市松浦町山形5490,1,1,1,1,1,1,1,1,,33.267278,129.943223,
41205,佐賀県伊万里市,30,二里公民館,佐賀県伊万里市二里町大里乙321-3,1,1,1,1,1,1,1,1,1,33.256731,129.854731,
41205,佐賀県伊万里市,31,二里小学校グラウンド,佐賀県伊万里市二里町大里乙284-1,1,1,1,1,1,1,1,1,,33.257551,129.855158,
41205,佐賀県伊万里市,32,国見中学校グラウンド,佐賀県伊万里市東山代町長浜1750,1,1,1,1,1,1,1,1,,33.267393,129.850956,
41205,佐賀県伊万里市,33,東山代公民館,佐賀県伊万里市東山代町里105,1,1,1,1,1,1,1,1,1,33.284877,129.835795,
41205,佐賀県伊万里市,34,東山代小学校グラウンド,佐賀県伊万里市東山代町里70-1,1,1,1,1,1,1,1,1,,33.284751,129.836741,
41205,佐賀県伊万里市,35,滝野小中学校グラウンド,佐賀県伊万里市東山代町滝川内3149,1,1,1,1,1,1,1,1,,33.279752,129.781918,
41205,佐賀県伊万里市,36,山代公民館,佐賀県伊万里市山代町久原2697-2,1,1,1,1,1,1,1,1,1,33.310923,129.809774,
41205,佐賀県伊万里市,37,山代東小学校グラウンド,佐賀県伊万里市山代町久原65,1,1,1,1,1,1,1,1,,33.30462035,129.8130318,
41205,佐賀県伊万里市,38,山代西小学校グラウンド,佐賀県伊万里市山代町西分4475-1,1,1,1,1,1,1,1,1,,33.32351267,129.7851165,
41205,佐賀県伊万里市,39,山代中学校グラウンド,佐賀県伊万里市山代町久原3080-1,1,1,1,1,1,1,1,1,,33.31522281,129.8084047,
41205,佐賀県伊万里市,40,浦ノ崎運動広場,佐賀県伊万里市山代町立岩390-1,1,1,1,1,1,1,1,1,,33.33353355,129.7926656,
41205,佐賀県伊万里市,41,伊万里湾大橋球技場グラウンド,佐賀県伊万里市山代町楠久津145-25,1,1,1,1,1,1,1,1,,33.299349933727,129.82470960043,
41206,佐賀県武雄市,1,武雄市役所,佐賀県武雄市武雄町大字昭和12-10,1,1,,1,,1,1,,,33.1947175231123,130.02151442029,
41206,佐賀県武雄市,2,武雄市文化会館,佐賀県武雄市武雄町大字武雄5538‐1,1,1,,,,1,1,,1,33.191179,130.022206,
41206,佐賀県武雄市,3,武雄小学校,佐賀県武雄市武雄町大字富岡9159,1,1,,1,,1,1,,1,33.198919,130.018698,
41206,佐賀県武雄市,4,御船が丘小学校,佐賀県武雄市武雄町大字武雄4595,1,1,,1,,1,1,,1,33.186759,130.026808,
41206,佐賀県武雄市,5,武雄中学校,佐賀県武雄市武雄町大字富岡11606,1,1,,1,,1,1,,1,33.200766,130.026875,
41206,佐賀県武雄市,6,武雄市勤労者福祉会館,佐賀県武雄市武雄町大字富岡11690‐1,1,1,,,,1,1,,,33.200135,130.025155,
41206,佐賀県武雄市,7,国土交通省武雄河川事務所,佐賀県武雄市武雄町大字昭和745,1,1,,1,,1,1,,,33.196371,130.030581,
41206,佐賀県武雄市,8,橘公民館,佐賀県武雄市橘町大字大日8507-7,1,1,,1,,1,1,,1,33.18045804416612,130.05421514747712,
41206,佐賀県武雄市,9,橘小学校,佐賀県武雄市橘町大字片白8718‐1,1,1,,1,,1,1,,1,33.181978,130.054987,
41206,佐賀県武雄市,10,朝日小学校,佐賀県武雄市朝日町大字甘久4354‐1,1,1,,1,,1,1,,1,33.214165,130.03877,
41206,佐賀県武雄市,11,"国土交通省武雄河川事務所 朝日出張所",佐賀県武雄市朝日町大字甘久1521‐6,1,1,,1,,1,1,,,33.2081,130.043995,
41206,佐賀県武雄市,12,若木公民館,佐賀県武雄市若木町大字川古7474,1,1,,1,,1,1,,1,33.254824,129.990718,
41206,佐賀県武雄市,13,若木小学校,佐賀県武雄市若木町大字川古8038,1,1,,1,,1,1,,1,33.253701,129.995105,
41206,佐賀県武雄市,14,武内公民館,佐賀県武雄市武内町大字真手野28044,1,1,,1,,1,1,,1,33.230419,129.963551,
41206,佐賀県武雄市,15,武内小学校,佐賀県武雄市武内町大字梅野乙15041‐2,1,1,,1,,1,1,,1,33.226046,129.962274,
41206,佐賀県武雄市,16,武雄北中学校,佐賀県武雄市武内町大字真手野25956‐3,1,1,,1,,1,1,,1,33.242142,129.976382,
41206,佐賀県武雄市,17,東川登公民館,佐賀県武雄市東川登町大字永野6240‐8,1,1,,1,,1,1,,1,33.161791,130.002066,
41206,佐賀県武雄市,18,東川登小学校,佐賀県武雄市東川登町大字永野5893,1,1,,1,,1,1,,1,33.161072,129.998492,
41206,佐賀県武雄市,19,川登中学校,佐賀県武雄市東川登町大字袴野16082,1,1,,1,,1,1,,1,33.14128,129.990959,
41206,佐賀県武雄市,20,西川登小学校,佐賀県武雄市西川登町大字神六20584,1,1,,1,,1,1,,1,33.137357,129.970518,
41206,佐賀県武雄市,21,山内東小学校,佐賀県武雄市山内町大字鳥海9602‐1,1,1,,1,,1,1,,1,33.193376,129.964108,
41206,佐賀県武雄市,22,山内西小学校,佐賀県武雄市山内町大字大野6900,1,1,,1,,1,1,,1,33.207397,129.933825,
41206,佐賀県武雄市,23,山内中学校,佐賀県武雄市山内町大字三間坂甲14209,1,1,,1,,1,1,,1,33.195148,129.941489,
41206,佐賀県武雄市,24,山内公民館（旧山内庁舎）,佐賀県武雄市山内町大字三間坂甲13800,1,1,,1,,1,1,,1,33.197182,129.946553,
41206,佐賀県武雄市,25,山内保健センター,佐賀県武雄市山内町大字三間坂甲13887,1,1,,1,,1,1,,1,33.19563673,129.9474575,
41206,佐賀県武雄市,26,北方公民館,佐賀県武雄市北方町大字大﨑2217,1,1,,1,,1,1,,1,33.221144,130.060206,
41206,佐賀県武雄市,27,北方小学校,佐賀県武雄市北方町大字志久1389,1,1,,1,,1,1,,1,33.217753,130.069998,
41206,佐賀県武雄市,28,北方中学校,佐賀県武雄市北方町大字志久2384‐2,1,1,,1,,1,1,,1,33.224228,130.06295,
41206,佐賀県武雄市,29,北方保健センター,佐賀県武雄市北方町大字志久1674‐2,1,1,,1,,1,1,,1,33.220159,130.068996,
41206,佐賀県武雄市,30,北方東体育館,佐賀県武雄市北方町大字大渡3656,1,1,,1,,1,1,,1,33.205282,130.088498,
41207,佐賀県鹿島市,1,市民武道館,佐賀県鹿島市大字高津原561-1,1,1,1,1,1,,,,1,33.107028,130.09522,
41207,佐賀県鹿島市,2,田澤記念館,佐賀県鹿島市大字高津原434,1,1,1,,,,,,,33.102416,130.092018,
41207,佐賀県鹿島市,3,六州荘,佐賀県鹿島市大字高津原1278,1,1,1,,,,,,,33.104537789056,130.09087308954,
41207,佐賀県鹿島市,4,鹿島高等学校 （赤門学舎）,佐賀県鹿島市大字高津原462,1,1,1,1,1,,,,1,33.105076701997,130.09256006879,
41207,佐賀県鹿島市,5,鹿島高等学校 （大手門学舎）,佐賀県鹿島市大字高津原539,1,1,1,1,1,,,,1,33.105215537848,130.09441633995,
41207,佐賀県鹿島市,6,市民交流プラザ,佐賀県鹿島市大字高津原4326-1,1,1,1,1,1,1,,,1,33.11037,130.095564,
41207,佐賀県鹿島市,7,市民球場,佐賀県鹿島市大字高津原 ,1,1,1,1,1,,,,,33.095277211903,130.08359150926,
41207,佐賀県鹿島市,8,鹿島商工会議所,佐賀県鹿島市大字高津原4296-41,1,1,1,,,,,,,33.112048,130.095781,
41207,佐賀県鹿島市,9,鹿島小学校,佐賀県鹿島市大字高津原231-イ,1,1,1,,,,,,1,33.102230988896,130.09560431416,
41207,佐賀県鹿島市,10,市民体育館,佐賀県鹿島市大字高津原253,1,1,1,1,1,,,,1,33.101763,130.09558,
41207,佐賀県鹿島市,11,西部中学校,佐賀県鹿島市大字納富分1435,1,1,1,1,1,,,,1,33.09881999729,130.09581936574,
41207,佐賀県鹿島市,12,市民会館,佐賀県鹿島市大字納富分2643-1,1,1,1,1,1,,,,1,33.104308184692,130.09858704087,
41207,佐賀県鹿島市,13,生涯学習センター,佐賀県鹿島市大字納富分2700-1,1,1,1,1,1,1,,,1,33.105299101491,130.0988081278,
41207,佐賀県鹿島市,14,ＪＡさが鹿島支所,佐賀県鹿島市大字納富分3192,1,1,1,,,,,,,33.102453800051,130.10401434855,
41207,佐賀県鹿島市,15,明倫小学校,佐賀県鹿島市大字納富分甲59,1,1,1,1,1,,,,1,33.098449987286,130.10425818651,
41207,佐賀県鹿島市,16,のごみふれあい楽習館,佐賀県鹿島市大字山浦甲2151,1,1,1,1,1,1,,,1,33.088068229207,130.08439042531,
41207,佐賀県鹿島市,17,能古見小学校,佐賀県鹿島市大字山浦甲2246,1,1,1,1,1,,,,1,33.087967286908,130.08243537169,
41207,佐賀県鹿島市,18,ＪＡさが能古見支所,佐賀県鹿島市大字山浦甲1568-2,1,1,1,,,,,,,33.093164,130.091718,
41207,佐賀県鹿島市,19,古枝小学校,佐賀県鹿島市古枝甲1248-2,1,1,1,1,1,,,,1,33.082618031433,130.1099944676,
41207,佐賀県鹿島市,20,林業センター,佐賀県鹿島市古枝甲1448-1,1,1,1,1,1,1,,,1,33.081077999117,130.10933017903,
41207,佐賀県鹿島市,21,林業体育館,佐賀県鹿島市古枝甲1465-2,1,1,1,1,1,,,,1,33.080494,130.109148,
41207,佐賀県鹿島市,22,祐徳稲荷神社参集殿,佐賀県鹿島市古枝乙1855,1,1,1,,,,,,,33.074407955015,130.10848340741,
41207,佐賀県鹿島市,23,臥竜ヶ岡体育館,佐賀県鹿島市浜町甲4401-2,1,1,1,1,1,1,,,1,33.089448,130.118832,
41207,佐賀県鹿島市,24,東部中学校,佐賀県鹿島市浜町甲4020,1,1,1,,,,,,1,33.089788990933,130.11308681216,
41207,佐賀県鹿島市,25,浜小学校,佐賀県鹿島市浜町1239,1,1,1,1,1,,,,1,33.093555490742,130.11634455092,
41207,佐賀県鹿島市,26,五ノ宮神社,佐賀県鹿島市大字森1385,1,1,1,,,,,,,33.124211,130.085793,
41207,佐賀県鹿島市,27,北鹿島体育館,佐賀県鹿島市大字井手1758-1,1,1,1,1,,,,,1,33.123425,130.103385,
41207,佐賀県鹿島市,28,北鹿島公民館,佐賀県鹿島市大字常広101-1,1,1,1,1,,1,,,1,33.120837,130.098763,
41207,佐賀県鹿島市,29,北鹿島小学校,佐賀県鹿島市大字常広420,1,1,1,1,,,,,1,33.120255563677,130.10194679762,
41207,佐賀県鹿島市,30,圓徳寺,佐賀県鹿島市大字飯田乙3259,1,1,,,,,,,,33.05447494822,130.15732580934,
41207,佐賀県鹿島市,31,漁村センター,佐賀県鹿島市大字音成戊1922-19,1,1,,1,,1,,,1,33.069091,130.149631,
41207,佐賀県鹿島市,32,七浦小学校,佐賀県鹿島市大字音成戊1563,1,1,1,1,1,,,,1,33.064943078067,130.1527612381,
41207,佐賀県鹿島市,33,七浦海浜スポーツ公園体育館,佐賀県鹿島市大字音成甲4427-5,1,1,,1,,,,,1,33.075637,130.145543,
41207,佐賀県鹿島市,34,七浦小学校音成分校,佐賀県鹿島市大字音成乙4352,1,1,1,1,1,,,,1,33.083071,130.136751,
41208,佐賀県小城市,1,小城保健福祉センター,佐賀県小城市小城町畑田750,,1,1,1,1,,,,1,33.28552,130.192219,
41208,佐賀県小城市,2,小城体育センター,佐賀県小城市小城町畑田98-1,1,1,1,1,1,,1,,1,33.291111,130.187313,
41208,佐賀県小城市,3,桜岡小学校,佐賀県小城市小城町166,1,1,1,1,1,,1,,1,33.291611,130.19854,
41208,佐賀県小城市,4,岩松小学校,佐賀県小城市小城町岩蔵1941,1,1,1,1,1,,1,,1,33.306123,130.19967,
41208,佐賀県小城市,5,晴田小学校,佐賀県小城市小城町畑田2099,,1,1,1,1,,,,1,33.292874,130.179418,
41208,佐賀県小城市,6,三里小学校,佐賀県小城市小城町栗原1256,,1,1,1,1,,,,1,33.272902,130.182537,
41208,佐賀県小城市,7,小城中学校,佐賀県小城市小城町松尾4104,1,1,1,1,1,,1,,1,33.295684,130.195426,
41208,佐賀県小城市,8,まちなか市民交流プラザ,佐賀県小城市小城町253-21,1,1,1,1,1,,1,,1,33.294014197076,130.198969063625,
41208,佐賀県小城市,9,三日月保健福祉センター,佐賀県小城市三日月町長神田2312-3,,1,1,1,1,,,,1,33.273756,130.218522,
41208,佐賀県小城市,10,三日月体育館,佐賀県小城市三日月町長神田1848-9,,1,1,1,1,,,,1,33.273352,130.221035,
41208,佐賀県小城市,11,生涯学習センター,佐賀県小城市三日月町長神田1845,,1,1,1,1,,,,1,33.273626,130.222177,
41208,佐賀県小城市,12,三日月小学校,佐賀県小城市三日月町長神田1680,,1,1,1,1,,,,1,33.281007,130.225072,
41208,佐賀県小城市,13,三日月中学校,佐賀県小城市三日月町長神田1650,,1,1,1,1,,,,1,33.280843,130.22374,
41208,佐賀県小城市,14,牛津公民館,佐賀県小城市牛津町柿樋瀬1100-1,,1,1,1,,,,,1,33.250067,130.201665,
41208,佐賀県小城市,15,牛津体育センター,佐賀県小城市牛津町柿樋瀬1100-2,,1,1,1,,,,,1,33.250382,130.201069,
41208,佐賀県小城市,16,牛津公民館別館,佐賀県小城市牛津町勝1324-1,,1,1,1,,,,,1,33.251565,130.201522,
41208,佐賀県小城市,17,牛津保健福祉センター,佐賀県小城市牛津町勝1221-1,,1,1,1,,,,,1,33.251185,130.191462,
41208,佐賀県小城市,18,牛津小学校,佐賀県小城市牛津町柿樋瀬922,,1,1,1,1,,,,1,33.256159,130.203368,
41208,佐賀県小城市,19,砥川小学校,佐賀県小城市牛津町上砥川1405,,1,1,1,,,,,1,33.235054,130.180988,
41208,佐賀県小城市,20,牛津中学校,佐賀県小城市牛津町牛津549,,1,1,1,,,,,1,33.245889,130.205316,
41208,佐賀県小城市,21,芦刈保健福祉センター,佐賀県小城市芦刈町三王崎1522,,1,,1,,,,,1,33.225057,130.208041,
41208,佐賀県小城市,22,芦刈文化体育館,佐賀県小城市芦刈町三王崎172-1,,1,,1,,,,,1,33.223336,130.211157,
41208,佐賀県小城市,23,芦刈地域交流センター,佐賀県小城市芦刈町三王崎349,,1,,1,,,,,1,33.223561,130.208242,
41208,佐賀県小城市,24,芦刈小学校,佐賀県小城市芦刈町三王崎14,,1,,1,,,,,1,33.224427,130.212596,
41208,佐賀県小城市,25,芦刈中学校,佐賀県小城市芦刈町三王崎14,,1,,1,,,,,1,33.223458,130.212625,
41209,佐賀県嬉野市,1,嬉野市塩田保健センター,佐賀県嬉野市塩田町大字馬場下甲1709-1,,1,,1,1,,,,1,33.12787592,130.0591673,
41209,佐賀県嬉野市,2,嬉野市中央公民館,佐賀県嬉野市塩田町大字馬場下甲1967-1,1,1,,,1,,1,,1,33.12835712,130.0597012,
41209,佐賀県嬉野市,3,嬉野市ふれあいセンター,佐賀県嬉野市塩田町大字馬場下甲2543-9,1,,,1,,,1,,1,33.12718408,130.0466843,
41209,佐賀県嬉野市,4,五町田研修センター,佐賀県嬉野市塩田町大字谷所甲3082-2,,1,,,,,,,1,33.1225371868035,130.063406737922,
41209,佐賀県嬉野市,5,久間研修センター,佐賀県嬉野市塩田町大字久間甲889-2,1,1,,,,,1,,1,33.14749383,130.0634315,
41209,佐賀県嬉野市,6,大草野研修センター,佐賀県嬉野市塩田町大字大草野丙2011-1,,1,,1,,,,,1,33.13068416,130.0070977,
41209,佐賀県嬉野市,7,嬉野市コミュニティセンター(楠風館),佐賀県嬉野市塩田町大字五町田甲3136-1,,1,,1,1,,,,1,33.12541595,130.064449,
41209,佐賀県嬉野市,8,五町田小学校,佐賀県嬉野市塩田町大字五町田甲3717,1,1,,1,1,,1,,1,33.11631149,130.0629396,
41209,佐賀県嬉野市,9,五町田小学校谷所分校,佐賀県嬉野市塩田町大字谷所乙684-1,1,1,,,,,1,,1,33.100122,130.057182,
41209,佐賀県嬉野市,10,久間小学校,佐賀県嬉野市塩田町大字久間甲1885,1,1,,1,,,1,,1,33.14786,130.059964,
41209,佐賀県嬉野市,11,塩田小学校,佐賀県嬉野市塩田町大字馬場下甲3817,,,,1,,,,,1,33.12686405,130.0448663,
41209,佐賀県嬉野市,12,塩田中学校,佐賀県嬉野市塩田町大字馬場下甲1801,,1,,1,1,,,,1,33.12875827,130.0608762,
41209,佐賀県嬉野市,13,嬉野市社会文化会館,佐賀県嬉野市塩田町大字五町田甲628,,1,,1,1,,,,1,33.13019563,130.0616395,
41209,佐賀県嬉野市,14,嬉野市文化センター,佐賀県嬉野市嬉野町大字下宿乙1298,1,1,,1,,,1,,1,33.10153354,129.9865604,
41209,佐賀県嬉野市,15,不動ふれあい体育館,佐賀県嬉野市嬉野町大字不動山甲1326,1,1,,1,,,1,,1,33.077781,129.960518,
41209,佐賀県嬉野市,16,嬉野市嬉野老人福祉センター,佐賀県嬉野市嬉野町大字下宿丙2390-2,1,1,,1,,,1,,1,33.098241,129.980874,
41209,佐賀県嬉野市,17,嬉野市吉田公民館,佐賀県嬉野市嬉野町大字吉田丙2770-5,1,,,1,,,1,,1,33.0797291,130.0212366,
41209,佐賀県嬉野市,18,嬉野小学校,佐賀県嬉野市嬉野町大字下宿乙1647,,,,1,,,,,1,33.1026187,129.9820334,
41209,佐賀県嬉野市,19,轟小学校,佐賀県嬉野市嬉野町大字岩屋川内2597,,1,,1,,,,,1,33.08538926,129.9785571,
41209,佐賀県嬉野市,20,吉田小学校,佐賀県嬉野市嬉野町大字吉田乙2997-1,,1,,1,,,,,1,33.08056864,130.0195734,
41209,佐賀県嬉野市,21,大草野小学校,佐賀県嬉野市嬉野町大字下野丙80,1,1,,1,,,1,,1,33.126357,130.002214,
41209,佐賀県嬉野市,22,大野原小・中学校,佐賀県嬉野市嬉野町大字岩屋川内丙720-1,1,1,,1,,,1,,1,33.037584,130.000403,
41209,佐賀県嬉野市,23,嬉野中学校,佐賀県嬉野市嬉野町大字下宿甲2786-1,,1,,1,,,,,1,33.10906,129.986194,
41209,佐賀県嬉野市,24,吉田中学校,佐賀県嬉野市嬉野町大字吉田丙3016,,1,,1,,,,,1,33.080245,130.017343,
41209,佐賀県嬉野市,25,佐賀県立塩田工業高等学校,佐賀県嬉野市塩田町大字馬場下甲1418,1,1,,,1,,1,,1,33.12969048,130.056763,
41209,佐賀県嬉野市,26,佐賀県立嬉野高等学校,佐賀県嬉野市嬉野町大字下宿甲700,,1,,,,,,,1,33.1083122952172,129.996551585793,
41209,佐賀県嬉野市,27,みゆき記念館,佐賀県嬉野市嬉野町大字下宿字一本松甲2834,,1,,1,,,,,,33.11020471,129.9842791,
41209,佐賀県嬉野市,28,みゆきクラブハウス,佐賀県嬉野市嬉野町大字下宿字一本松甲2834,,1,,1,,,,,,33.1098575,129.9775013,
41209,佐賀県嬉野市,29,みゆき球場室内,佐賀県嬉野市嬉野町大字下宿字一本松甲2834,,1,,,,,,,,33.11139197,129.9795854,
41209,佐賀県嬉野市,30,みゆき球場,佐賀県嬉野市嬉野町大字下宿字一本松甲2834,,,,1,,,,,,33.1110545223914,129.980447570815,
41209,佐賀県嬉野市,31,みゆきドーム,佐賀県嬉野市嬉野町大字下宿字一本松甲2834,1,1,,1,,,1,,,33.11090445,129.9849847,
41210,佐賀県神埼市,1,神埼市中央公民館(大ホール）,佐賀県神埼市神埼町鶴3388-5,1,1,,1,,,1,,1,33.31300631,130.3724151,
41210,佐賀県神埼市,2,千代田町保健センター（機能訓練室）,佐賀県神埼市千代田町直鳥57-1,1,,1,1,,,1,,1,33.27317163,130.375093,
41210,佐賀県神埼市,3,神埼市脊振公民館（会議室）,佐賀県神埼市脊振町広滝555-1,1,1,,,,,1,,1,33.37704513,130.3268812,
41210,佐賀県神埼市,4,神埼小学校（講堂）,佐賀県神埼市神埼町枝ヶ里349,1,,,1,,,1,,1,33.30467927,130.3751891,
41210,佐賀県神埼市,5,西郷小学校（講堂）,佐賀県神埼市神埼町横武868,1,,,1,,,1,,1,33.304482,130.3524225,
41210,佐賀県神埼市,6,仁比山小学校（講堂）,佐賀県神埼市神埼町鶴1634,1,,,1,,,1,,1,33.33734814,130.3705392,
41210,佐賀県神埼市,7,神埼中学校（生活ラウンジ）,佐賀県神埼市神埼町鶴3565,1,,,1,,,1,,,33.312259,130.370433,
41210,佐賀県神埼市,8,神埼中央公園体育館（アリーナ）,佐賀県神埼市神埼町鶴3886,1,,,1,,,1,,1,33.313348,130.370149,
41210,佐賀県神埼市,9,千代田東部小学校（講堂）,佐賀県神埼市千代田町渡瀬1964,1,,1,1,,,1,,1,33.26287689,130.3934492,
41210,佐賀県神埼市,10,千代田中部小学校（講堂）,佐賀県神埼市千代田町直鳥15-1,1,,1,1,,,1,,1,33.2757571,130.3752171,
41210,佐賀県神埼市,11,千代田西部小学校（講堂）,佐賀県神埼市千代田町餘江1496,1,,1,1,,,1,,1,33.26344285,130.3502074,
41210,佐賀県神埼市,12,千代田中学校（体育館）,佐賀県神埼市千代田町直鳥929-1,1,,1,1,,,1,,1,33.26887081,130.3735504,
41210,佐賀県神埼市,13,脊振小学校（体育室）,佐賀県神埼市脊振町広滝580,1,,,1,,,1,,1,33.37788696,130.3275267,
41210,佐賀県神埼市,14,脊振勤労者体育館（アリーナ）,佐賀県神埼市脊振町広滝595-2,1,,,1,,,1,,1,33.37803065,130.3281258,
41327,佐賀県吉野ヶ里町,1,東脊振健康福祉センター　きらら館,佐賀県神埼郡吉野ヶ里町三津775,1,1,,1,,,1,,1,33.35247,130.397829,
41327,佐賀県吉野ヶ里町,2,三田川健康福祉センター ふれあい館,佐賀県神埼郡吉野ヶ里町豆田1790,,1,,1,,,,,1,33.314259939784,130.39924065404,
41327,佐賀県吉野ヶ里町,3,中央公民館,佐賀県神埼郡吉野ヶ里町吉田307,1,1,,1,,,1,,1,33.321167678483,130.39836275435,
41327,佐賀県吉野ヶ里町,4,東脊振農村環境改善センター,佐賀県神埼郡吉野ヶ里町三津777,1,1,,,,,1,,1,33.3513479351032,130.397406023088,
41327,佐賀県吉野ヶ里町,5,町民集会所,佐賀県神埼郡吉野ヶ里町吉田307-2,1,1,,,,,1,,1,33.3208944665,130.398409761,
41327,佐賀県吉野ヶ里町,6,さざんか武道館,佐賀県神埼郡吉野ヶ里町石動2768-6,1,1,,1,,,1,,1,33.351693,130.39926,
41327,佐賀県吉野ヶ里町,7,三田川武道館,佐賀県神埼郡吉野ヶ里町吉田283-2,1,1,,1,,,1,,1,33.32167,130.398342,
41327,佐賀県吉野ヶ里町,8,吉野ヶ里公園駅コミュニティーホール,佐賀県神埼郡吉野ヶ里町吉田252-1,,1,,1,,,,,1,33.325176768207,130.39899301509,
41327,佐賀県吉野ヶ里町,9,東脊振小学校体育館,佐賀県神埼郡吉野ヶ里町石動2760-1,1,1,,1,,,1,,1,33.349525895662,130.39936814436,
41327,佐賀県吉野ヶ里町,10,東脊振中学校体育館,佐賀県神埼郡吉野ヶ里町石動2709,1,1,,1,,,1,,1,33.350428312566,130.40090101709,
41327,佐賀県吉野ヶ里町,11,三田川小学校体育館,佐賀県神埼郡吉野ヶ里町吉田63-1,1,1,,1,,,1,,1,33.32154672044,130.39568015161,
41327,佐賀県吉野ヶ里町,12,児童体育館,佐賀県神埼郡吉野ヶ里町吉田310,1,1,,1,,,1,,1,33.320314536341,130.3993748348,
41327,佐賀県吉野ヶ里町,13,東脊振小学校,佐賀県神埼郡吉野ヶ里町石動2760-1,1,1,,1,,,1,,1,33.350229421219,130.3997087849,
41327,佐賀県吉野ヶ里町,14,東脊振中学校,佐賀県神埼郡吉野ヶ里町石動2709,1,1,,1,,,1,,1,33.350099471066,130.400749482,
41327,佐賀県吉野ヶ里町,15,三田川小学校,佐賀県神埼郡吉野ヶ里町吉田63-1,1,1,,1,,,1,,1,33.32215,130.396011,
41327,佐賀県吉野ヶ里町,16,三田川中学校,佐賀県神埼郡吉野ヶ里町吉田303,1,1,,1,,,1,,1,33.320451477159,130.39819144048,
41327,佐賀県吉野ヶ里町,17,吉野ヶ里保育園,佐賀県神埼郡吉野ヶ里町吉田999,1,1,,1,,,1,,1,33.327011,130.400205,
41327,佐賀県吉野ヶ里町,18,東脊振幼稚園,佐賀県神埼郡吉野ヶ里町三津799,1,1,,1,,,1,,1,33.349943289366,130.39731093469,
41327,佐賀県吉野ヶ里町,19,三田川児童館,佐賀県神埼郡吉野ヶ里町吉田58-1,1,1,,1,,,1,,1,33.320344687379,130.39637517909,
41327,佐賀県吉野ヶ里町,20,東脊振運動公園,佐賀県神埼郡吉野ヶ里町三津777,,,,1,,,,,,33.35101634204,130.39813558394,
41327,佐賀県吉野ヶ里町,21,東部緩衝緑地,佐賀県神埼郡吉野ヶ里町吉田・大曲,,,,1,,,,,,33.339914667645,130.41501747559,
41327,佐賀県吉野ヶ里町,22,三田川中央公園,佐賀県神埼郡吉野ヶ里町豆田1792-1,,,,1,,,,,,33.31392820552,130.40157417589,
41327,佐賀県吉野ヶ里町,23,下藤公園,佐賀県神埼郡吉野ヶ里町箱川940,,,,1,,,,,,33.223830618166,130.40884288862,
41341,佐賀県基山町,1,基山町民会館,佐賀県三養基郡基山町大字宮浦666,1,1,,1,,1,1,,1,33.427052,130.524245,
41341,佐賀県基山町,2,基山町総合体育館,佐賀県三養基郡基山町大字宮浦666,1,1,,1,,1,1,,1,33.427922,130.52408,
41341,佐賀県基山町,3,基山町保健センター,佐賀県三養基郡基山町大字宮浦666,1,1,,1,,1,1,,1,33.426621,130.522859,
41341,佐賀県基山町,4,基山中学校,佐賀県三養基郡基山町大字宮浦941,1,1,,1,,1,1,,1,33.421613,130.524753,
41341,佐賀県基山町,5,基山小学校,佐賀県三養基郡基山町大字宮浦41,1,1,,1,,1,1,,1,33.421063,130.526624,
41341,佐賀県基山町,6,若基小学校,佐賀県三養基郡基山町けやき台2-2,1,1,,1,,1,1,,1,33.430957,130.528922,
41341,佐賀県基山町,7,基山町多世代交流センター憩の家,佐賀県三養基郡基山町大字宮浦1026-1,1,1,,1,,1,1,,1,33.4222034284626,130.520908584653,
41341,佐賀県基山町,8,第２区公民館,佐賀県三養基郡基山町大字園部2339-1,1,1,,1,,1,1,,,33.417719,130.505799,
41341,佐賀県基山町,9,第７区公民館,佐賀県三養基郡基山町大字長野570-8,1,1,,1,,1,1,,,33.407388,130.53463,
41345,佐賀県上峰町,1,屋形原公民館,佐賀県三養基郡上峰町大字堤3163,1,1,,1,,,1,,1,33.349948556849,130.41848433995,
41345,佐賀県上峰町,2,上峰町民センター,佐賀県三養基郡上峰町大字坊所319-4,1,1,,1,,,1,,1,33.318542,130.426084,
41345,佐賀県上峰町,3,おたっしゃ館,佐賀県三養基郡上峰町大字前牟田107-2,,1,,1,,,,,1,33.309873,130.423855,
41423,佐賀県大町町,1,大町町総合福祉保健センター,佐賀県杵島郡大町町大字大町5000,1,1,1,1,1,1,1,1,1,33.21427,130.116139,
41423,佐賀県大町町,2,大町小学校体育館,佐賀県杵島郡大町町大字大町5765-1,1,,1,1,1,1,1,1,1,33.214352,130.119425,
41423,佐賀県大町町,3,大町小学校運動場,佐賀県杵島郡大町町大字大町5763,1,1,1,1,1,1,1,1,,33.213806,130.119702,
41423,佐賀県大町町,4,大町中学校体育館,佐賀県杵島郡大町町大字大町5427,1,1,1,1,1,1,1,1,1,33.214581,130.118325,
41423,佐賀県大町町,5,大町中学校運動場,佐賀県杵島郡大町町大字大町5427,1,,1,1,1,1,1,1,,33.214901,130.119262,
41423,佐賀県大町町,6,大町町公民館,佐賀県杵島郡大町町大字福母2481,1,1,1,,1,1,1,1,1,33.21605,130.107595,
41423,佐賀県大町町,7,大町町スポーツセンター,佐賀県杵島郡大町町大字福母158-1,1,1,1,1,1,1,1,1,1,33.211906,130.111129,
41423,佐賀県大町町,8,大町町民グラウンド,佐賀県杵島郡大町町大字大町5232,1,1,1,1,1,1,1,1,,33.215173,130.1113,
41423,佐賀県大町町,9,ボタ山公園,佐賀県杵島郡大町町大字大町4656-1,1,,1,1,1,1,1,1,,33.220637,130.111767,
41423,佐賀県大町町,10,大町町老人センター,佐賀県杵島郡大町町大字福母2431-28,1,,1,,1,1,1,1,1,33.216895,130.109294,
41423,佐賀県大町町,11,大町町情報プラザ,佐賀県杵島郡大町町大字福母297-4,1,,1,1,1,1,1,1,,33.212504,130.107145,
41424,佐賀県江北町,1,江北町全天候スポーツ広場、老人福祉センター,佐賀県杵島郡江北町大字山口2637-2他,1,1,,1,,1,1,,1,33.2175461499388,130.149921488011,
41424,佐賀県江北町,2,江北町役場、江北町公民館,佐賀県杵島郡江北町大字山口1651-1,1,1,,1,,1,1,,1,33.220502,130.157411,
41424,佐賀県江北町,3,ふれあい交流センター「ネイブル」,佐賀県杵島郡江北町大字山口1334-1,1,1,,1,,1,1,,1,33.217878,130.159506,
41424,佐賀県江北町,4,江北町幼児教育センター,佐賀県杵島郡江北町大字山口1153他,1,1,,1,,1,1,,1,33.215983,130.159401,
41424,佐賀県江北町,5,江北町こどもセンター「うるる」,佐賀県杵島郡江北町大字山口1201-1,1,1,,1,,1,1,,1,33.214614,130.159818,
41424,佐賀県江北町,6,江北町防災広場,佐賀県杵島郡江北町大字上小田2282-11他,1,1,,1,,1,1,,,33.22789,130.142209,
41424,佐賀県江北町,7,花山球場,佐賀県杵島郡江北町大字上小田2745-3他,1,1,,1,,1,1,,,33.235018,130.134551,
41424,佐賀県江北町,8,江北小学校,佐賀県杵島郡江北町大字山口1128-1他,1,1,,1,,1,1,,1,33.215537,130.15858,
41424,佐賀県江北町,9,江北中学校,佐賀県杵島郡江北町大字山口412,1,1,,1,,1,1,,1,33.213723,130.159648,
41425,佐賀県白石町,1,白石町総合センター,佐賀県杵島郡白石町大字福田1312-1,1,,1,1,1,1,1,,1,33.181616,130.142494,
41425,佐賀県白石町,2,白石町健康センター,佐賀県杵島郡白石町大字福田1312-1,1,,1,1,1,1,1,,1,33.181934,130.142194,
41425,佐賀県白石町,3,白石社会体育館,佐賀県杵島郡白石町大字遠江75-1,1,,1,1,1,1,1,,1,33.174932,130.134474,
41425,佐賀県白石町,4,白石中学校,佐賀県杵島郡白石町大字遠江143-1,1,,1,1,1,1,1,,1,33.173879,130.13585,
41425,佐賀県白石町,5,白石小学校,佐賀県杵島郡白石町大字福田237１,1,,,1,1,1,1,,1,33.185018,130.150404,
41425,佐賀県白石町,6,六角小学校,佐賀県杵島郡白石町大字東郷2231,1,,,1,1,1,1,,1,33.190395,130.134594,
41425,佐賀県白石町,7,須古小学校,佐賀県杵島郡白石町大字堤1463,1,1,,1,1,1,1,,1,33.180918,130.105551,
41425,佐賀県白石町,8,北明小学校,佐賀県杵島郡白石町大字築切205,1,,1,1,1,1,1,,1,33.16789,130.145553,
41425,佐賀県白石町,9,三近堂コミュニティセンター,佐賀県杵島郡白石町大字堤1461,1,1,,1,1,1,1,,1,33.179806,130.105198,
41425,佐賀県白石町,10,福富ゆうあい館,佐賀県杵島郡白石町大字福富3535-1,1,,1,1,1,1,1,,1,33.180598,130.189515,
41425,佐賀県白石町,11,福富社会体育館,佐賀県杵島郡白石町大字福富3508-2,1,,1,1,1,1,1,,1,33.182608,130.19094,
41425,佐賀県白石町,12,福富中学校,佐賀県杵島郡白石町大字福富3499,1,,1,1,1,1,1,,1,33.182908,130.192104,
41425,佐賀県白石町,13,福富小学校,佐賀県杵島郡白石町大字福富3410-2,1,,1,1,1,1,1,,1,33.184546,130.18815,
41425,佐賀県白石町,14,有明スカイパークふれあい郷,佐賀県杵島郡白石町大字戸ケ里3211,1,1,1,1,1,1,1,,1,33.145242,130.124713,
41425,佐賀県白石町,15,有明公民館,佐賀県杵島郡白石町大字坂田275-1,1,1,1,1,1,1,1,,1,33.14682,130.123393,
41425,佐賀県白石町,16,有明中学校,佐賀県杵島郡白石町大字坂田290-1,1,1,1,1,1,1,1,,1,33.145007,130.123043,
41425,佐賀県白石町,17,有明東小学校,佐賀県杵島郡白石町大字牛屋6833-2,1,,1,1,1,1,1,,1,33.143755,130.145202,
41425,佐賀県白石町,18,有明西小学校,佐賀県杵島郡白石町大字戸ケ里1493-1,1,1,,1,1,1,1,,1,33.155971,130.117126,
41425,佐賀県白石町,19,有明南小学校,佐賀県杵島郡白石町大字深浦5581-1,1,1,1,1,1,1,1,,1,33.13765,130.116591,
41425,佐賀県白石町,20,県立白石高等学校,佐賀県杵島郡白石町大字今泉138,1,,1,1,1,1,1,,1,33.1877415363257,130.131520989074,
41425,佐賀県白石町,21,県立佐賀農業高等学校,佐賀県杵島郡白石町大字福田1660,1,,1,1,1,1,1,,1,33.1832340809222,130.134267571104,
41425,佐賀県白石町,22,白石町総合運動場,佐賀県杵島郡白石町大字福田1420,,,,1,,1,,,,33.18324,130.142878,
41441,佐賀県太良町,1,道の駅太良,佐賀県藤津郡太良町大字伊福甲3488-2,1,1,,,,1,1,1,,33.047214,130.169542,
41441,佐賀県太良町,2,太良高校グラウンド,佐賀県藤津郡太良町大字多良4212-6,,1,,,,1,1,1,,33.034387,130.171488,
41441,佐賀県太良町,3,太良高校体育館,佐賀県藤津郡太良町大字多良4212-6,1,1,,,,1,1,1,1,33.034863,130.170774,
41441,佐賀県太良町,4,多良中学校グラウンド,佐賀県藤津郡太良町大字多良39-1,,1,1,1,1,1,1,1,,33.022084,130.175624,
41441,佐賀県太良町,5,多良中体育館,佐賀県藤津郡太良町大字多良1282,1,1,1,1,1,1,1,1,1,33.02261,130.174666,
41441,佐賀県太良町,6,多良小学校グラウンド,佐賀県藤津郡太良町大字多良1300,,1,1,1,1,1,1,1,,33.023042,130.175264,
41441,佐賀県太良町,7,多良小体育館,佐賀県藤津郡太良町大字多良1264,1,1,1,1,1,1,1,1,1,33.023741,130.1754997,
41441,佐賀県太良町,8,太良町B&G運動広場,佐賀県藤津郡太良町大字多良1-6,,1,,,,1,1,1,,33.01862736,130.1797844,
41441,佐賀県太良町,9,太良町B&G体育館,佐賀県藤津郡太良町大字多良1-6,1,1,,,,1,1,1,1,33.020291,130.180276,
41441,佐賀県太良町,10,大浦中学校グラウンド,佐賀県藤津郡太良町大字大浦丙1345-1,,1,1,1,1,1,1,1,,32.979281,130.214867,
41441,佐賀県太良町,11,大浦中体育館,佐賀県藤津郡太良町大字大浦丙1373-1,1,1,1,1,1,1,1,1,1,32.978484,130.213148,
41441,佐賀県太良町,12,大浦小学校グラウンド,佐賀県藤津郡太良町大字大浦丁348-1,1,1,1,1,1,1,1,1,,32.973413,130.2047877,
41441,佐賀県太良町,13,大浦小体育館,佐賀県藤津郡太良町大字大浦丁348-1,1,1,1,1,1,1,1,1,1,32.9729,130.204262,
41441,佐賀県太良町,14,町民体育センター,佐賀県藤津郡太良町大字大浦丁331-1,1,1,1,1,1,1,1,1,1,32.973597,130.203999,